customer_id,gender,age_group,recency_days,frequency,monetary_value,avg_order_value,recency_score,frequency_score,monetary_score,customer_segment
CUST487,MALE,36-45,161,1,2000,2000.0,3,1,1,Potential Loyalists
CUST503,MALE,46-55,68,1,2000,2000.0,1,1,1,Lost Customers
CUST773,MALE,26-35,162,1,2000,2000.0,3,5,1,Potential Loyalists
CUST416,MALE,46-55,318,1,2000,2000.0,5,5,1,Potential Loyalists
CUST072,FEMALE,18-25,223,1,2000,2000.0,3,5,1,Potential Loyalists
CUST420,FEMALE,18-25,343,1,2000,2000.0,5,1,1,New Customers
CUST480,FEMALE,36-45,186,1,2000,2000.0,3,2,1,Potential Loyalists
CUST157,MALE,56+,191,1,2000,2000.0,3,1,1,Potential Loyalists
CUST109,FEMALE,26-35,75,1,2000,2000.0,2,3,1,At Risk
CUST808,MALE,26-35,275,1,2000,2000.0,4,5,1,Potential Loyalists
CUST166,MALE,26-35,274,1,2000,2000.0,4,2,1,New Customers
CUST269,MALE,26-35,334,1,2000,2000.0,5,2,1,New Customers
CUST572,MALE,26-35,256,1,2000,2000.0,4,1,1,New Customers
CUST015,FEMALE,36-45,350,1,2000,2000.0,5,2,1,New Customers
CUST253,FEMALE,46-55,123,1,2000,2000.0,2,1,1,Lost Customers
CUST412,FEMALE,18-25,107,1,2000,2000.0,2,4,1,At Risk
CUST664,FEMALE,36-45,4,1,2000,2000.0,1,2,1,Lost Customers
CUST789,FEMALE,56+,93,1,2000,2000.0,2,5,1,At Risk
CUST700,MALE,36-45,23,1,2000,2000.0,1,4,1,At Risk
CUST124,MALE,26-35,66,1,2000,2000.0,1,1,1,Lost Customers
CUST735,FEMALE,56+,89,1,2000,2000.0,2,4,1,At Risk
CUST626,FEMALE,26-35,94,1,2000,2000.0,2,1,1,Lost Customers
CUST743,FEMALE,26-35,350,1,2000,2000.0,5,3,1,Potential Loyalists
CUST832,MALE,46-55,112,1,2000,2000.0,2,3,1,At Risk
CUST089,FEMALE,56+,92,1,2000,2000.0,2,5,1,At Risk
CUST152,MALE,36-45,307,1,2000,2000.0,5,5,1,Potential Loyalists
CUST875,FEMALE,46-55,148,1,2000,2000.0,3,3,1,Potential Loyalists
CUST547,MALE,56+,300,1,2000,2000.0,5,4,1,Potential Loyalists
CUST634,MALE,56+,85,1,2000,2000.0,2,3,1,At Risk
CUST946,MALE,56+,238,1,2000,2000.0,4,4,1,Potential Loyalists
CUST093,FEMALE,36-45,171,1,2000,2000.0,3,3,1,Potential Loyalists
CUST281,FEMALE,26-35,223,1,2000,2000.0,4,3,1,Potential Loyalists
CUST074,FEMALE,18-25,40,1,2000,2000.0,1,2,1,Lost Customers
CUST927,MALE,36-45,191,1,2000,2000.0,3,2,1,Potential Loyalists
CUST065,MALE,46-55,27,1,2000,2000.0,1,4,1,At Risk
CUST118,FEMALE,26-35,230,1,2000,2000.0,4,4,1,Potential Loyalists
CUST595,FEMALE,18-25,53,1,2000,2000.0,1,4,1,At Risk
CUST476,FEMALE,26-35,125,1,2000,2000.0,2,2,1,Lost Customers
CUST592,FEMALE,46-55,342,1,2000,2000.0,5,1,1,New Customers
CUST742,FEMALE,36-45,345,1,2000,2000.0,5,3,1,Potential Loyalists
CUST561,FEMALE,56+,219,1,2000,2000.0,3,1,1,Potential Loyalists
CUST155,MALE,26-35,229,1,2000,2000.0,4,3,1,Potential Loyalists
CUST447,MALE,18-25,179,1,2000,2000.0,3,2,1,Potential Loyalists
CUST139,MALE,36-45,17,1,2000,2000.0,1,1,1,Lost Customers
CUST342,FEMALE,36-45,69,1,2000,2000.0,1,1,1,Lost Customers
CUST577,MALE,18-25,322,1,2000,2000.0,5,5,1,Potential Loyalists
CUST970,MALE,56+,230,1,2000,2000.0,4,2,1,New Customers
CUST257,MALE,18-25,316,1,2000,2000.0,5,3,1,Potential Loyalists
CUST731,MALE,46-55,236,1,2000,2000.0,4,4,1,Potential Loyalists
CUST356,MALE,46-55,205,1,1500,1500.0,3,4,1,Potential Loyalists
CUST507,FEMALE,36-45,60,1,1500,1500.0,1,3,1,At Risk
CUST580,FEMALE,26-35,26,1,1500,1500.0,1,3,1,At Risk
CUST280,FEMALE,36-45,272,1,1500,1500.0,4,3,1,Potential Loyalists
CUST212,MALE,18-25,206,1,1500,1500.0,3,5,1,Potential Loyalists
CUST677,FEMALE,18-25,66,1,1500,1500.0,1,2,1,Lost Customers
CUST115,MALE,46-55,36,1,1500,1500.0,1,3,1,At Risk
CUST372,FEMALE,18-25,328,1,1500,1500.0,5,4,1,Potential Loyalists
CUST506,MALE,26-35,310,1,1500,1500.0,5,5,1,Potential Loyalists
CUST676,MALE,56+,166,1,1500,1500.0,3,5,1,Potential Loyalists
CUST313,FEMALE,56+,286,1,1500,1500.0,4,4,1,Potential Loyalists
CUST013,MALE,18-25,149,1,1500,1500.0,3,5,1,Potential Loyalists
CUST673,FEMALE,36-45,334,1,1500,1500.0,5,3,1,Potential Loyalists
CUST647,MALE,56+,225,1,1500,1500.0,4,4,1,Potential Loyalists
CUST016,MALE,18-25,318,1,1500,1500.0,5,1,1,New Customers
CUST112,MALE,36-45,30,1,1500,1500.0,1,5,1,At Risk
CUST385,MALE,46-55,87,1,1500,1500.0,2,3,1,At Risk
CUST211,MALE,36-45,0,1,1500,1500.0,1,1,1,Lost Customers
CUST533,MALE,18-25,46,1,1500,1500.0,1,3,1,At Risk
CUST608,FEMALE,56+,30,1,1500,1500.0,1,5,1,At Risk
CUST805,FEMALE,26-35,3,1,1500,1500.0,1,1,1,Lost Customers
CUST164,FEMALE,46-55,231,1,1500,1500.0,4,2,1,New Customers
CUST239,MALE,36-45,196,1,1500,1500.0,3,3,1,Potential Loyalists
CUST452,FEMALE,46-55,238,1,1500,1500.0,4,2,1,New Customers
CUST611,MALE,46-55,311,1,1500,1500.0,5,2,1,New Customers
CUST421,FEMALE,36-45,364,1,1500,1500.0,5,3,1,Potential Loyalists
CUST720,FEMALE,56+,340,1,1500,1500.0,5,4,1,Potential Loyalists
CUST144,FEMALE,56+,170,1,1500,1500.0,3,1,1,Potential Loyalists
CUST047,FEMALE,36-45,56,1,1500,1500.0,1,4,1,At Risk
CUST054,FEMALE,36-45,325,1,1500,1500.0,5,2,1,New Customers
CUST693,MALE,36-45,253,1,1500,1500.0,4,1,1,New Customers
CUST213,MALE,26-35,161,1,1500,1500.0,3,5,1,Potential Loyalists
CUST078,FEMALE,46-55,184,1,1500,1500.0,3,5,1,Potential Loyalists
CUST369,MALE,18-25,47,1,1500,1500.0,1,5,1,At Risk
CUST869,MALE,36-45,68,1,1500,1500.0,1,1,1,Lost Customers
CUST193,MALE,36-45,322,1,1500,1500.0,5,5,1,Potential Loyalists
CUST522,MALE,46-55,365,1,1500,1500.0,5,1,1,New Customers
CUST942,MALE,46-55,289,1,1500,1500.0,5,5,1,Potential Loyalists
CUST843,MALE,18-25,224,1,1500,1500.0,4,1,1,New Customers
CUST474,FEMALE,26-35,170,1,1500,1500.0,3,2,1,Potential Loyalists
CUST111,FEMALE,26-35,257,1,1500,1500.0,4,5,1,Potential Loyalists
CUST463,FEMALE,46-55,154,1,1500,1500.0,3,4,1,Potential Loyalists
CUST859,FEMALE,56+,136,1,1500,1500.0,2,5,1,At Risk
CUST711,MALE,26-35,77,1,1500,1500.0,2,5,1,At Risk
CUST636,FEMALE,18-25,284,1,1500,1500.0,4,3,1,Potential Loyalists
CUST169,MALE,18-25,45,1,1500,1500.0,1,1,1,Lost Customers
CUST215,MALE,56+,33,1,1500,1500.0,1,2,1,Lost Customers
CUST956,MALE,26-35,135,1,1500,1500.0,2,5,1,At Risk
CUST199,MALE,46-55,28,1,1500,1500.0,1,2,1,Lost Customers
CUST710,FEMALE,26-35,62,1,1500,1500.0,1,1,1,Lost Customers
CUST559,FEMALE,36-45,365,1,1200,1200.0,5,4,1,Potential Loyalists
CUST587,FEMALE,36-45,207,1,1200,1200.0,3,2,1,Potential Loyalists
CUST756,FEMALE,56+,127,1,1200,1200.0,2,5,1,At Risk
CUST431,MALE,56+,78,1,1200,1200.0,2,5,1,At Risk
CUST332,MALE,56+,270,1,1200,1200.0,4,4,1,Potential Loyalists
CUST908,MALE,46-55,3,1,1200,1200.0,1,3,1,At Risk
CUST308,FEMALE,26-35,149,1,1200,1200.0,3,5,1,Potential Loyalists
CUST142,MALE,36-45,333,1,1200,1200.0,5,1,1,New Customers
CUST046,FEMALE,18-25,189,1,1200,1200.0,3,4,1,Potential Loyalists
CUST479,MALE,46-55,130,1,1200,1200.0,2,4,1,At Risk
CUST424,MALE,56+,39,1,1200,1200.0,1,4,1,At Risk
CUST597,MALE,18-25,132,1,1200,1200.0,2,3,1,At Risk
CUST669,MALE,18-25,196,1,1200,1200.0,3,5,1,Potential Loyalists
CUST067,FEMALE,46-55,217,1,1200,1200.0,3,4,1,Potential Loyalists
CUST614,FEMALE,36-45,275,1,1200,1200.0,4,5,1,Potential Loyalists
CUST482,FEMALE,26-35,249,1,1200,1200.0,4,4,1,Potential Loyalists
CUST716,FEMALE,56+,146,1,1200,1200.0,3,5,1,Potential Loyalists
CUST943,FEMALE,56+,77,1,1200,1200.0,2,4,1,At Risk
CUST828,FEMALE,26-35,23,1,1200,1200.0,1,2,1,Lost Customers
CUST107,FEMALE,18-25,332,1,1200,1200.0,5,1,1,New Customers
CUST862,MALE,26-35,215,1,1200,1200.0,3,1,1,Potential Loyalists
CUST298,MALE,26-35,256,1,1200,1200.0,4,2,1,New Customers
CUST663,MALE,18-25,287,1,1200,1200.0,4,4,1,Potential Loyalists
CUST524,MALE,46-55,90,1,1200,1200.0,2,3,1,At Risk
CUST757,FEMALE,36-45,7,1,1200,1200.0,1,2,1,Lost Customers
CUST481,FEMALE,36-45,209,1,1200,1200.0,3,4,1,Potential Loyalists
CUST800,MALE,26-35,311,1,1200,1200.0,5,2,1,New Customers
CUST368,FEMALE,56+,131,1,1200,1200.0,2,4,1,At Risk
CUST296,FEMALE,18-25,117,1,1200,1200.0,2,3,1,At Risk
CUST292,MALE,18-25,318,1,1200,1200.0,5,1,1,New Customers
CUST847,FEMALE,18-25,268,1,1200,1200.0,4,5,1,Potential Loyalists
CUST553,MALE,18-25,276,1,1200,1200.0,4,2,1,New Customers
CUST437,FEMALE,36-45,86,1,1200,1200.0,2,3,1,At Risk
CUST031,MALE,36-45,223,1,1200,1200.0,3,3,1,Potential Loyalists
CUST202,FEMALE,26-35,281,1,1200,1200.0,4,2,1,New Customers
CUST729,MALE,26-35,223,1,1200,1200.0,3,3,1,Potential Loyalists
CUST459,MALE,26-35,286,1,1200,1200.0,4,2,1,New Customers
CUST181,MALE,18-25,59,1,1200,1200.0,1,1,1,Lost Customers
CUST928,FEMALE,36-45,271,1,1200,1200.0,4,2,1,New Customers
CUST361,FEMALE,26-35,22,1,1200,1200.0,1,1,1,Lost Customers
CUST058,MALE,18-25,49,1,1200,1200.0,1,2,1,Lost Customers
CUST405,FEMALE,26-35,56,1,1200,1200.0,1,3,1,At Risk
CUST682,MALE,46-55,121,1,1200,1200.0,2,5,1,At Risk
CUST484,FEMALE,18-25,353,1,1200,1200.0,5,1,1,New Customers
CUST839,FEMALE,18-25,191,1,1200,1200.0,3,4,1,Potential Loyalists
CUST320,FEMALE,26-35,334,1,1200,1200.0,5,3,1,Potential Loyalists
CUST648,MALE,46-55,140,1,1200,1200.0,2,3,1,At Risk
CUST441,MALE,56+,83,1,1200,1200.0,2,4,1,At Risk
CUST462,MALE,56+,275,1,1200,1200.0,4,1,1,New Customers
CUST165,FEMALE,56+,109,1,1200,1200.0,2,1,1,Lost Customers
CUST340,FEMALE,36-45,74,1,1200,1200.0,2,3,1,At Risk
CUST099,FEMALE,46-55,15,1,1200,1200.0,1,3,1,At Risk
CUST333,FEMALE,46-55,330,1,1200,1200.0,5,2,1,New Customers
CUST726,MALE,46-55,198,1,1200,1200.0,3,3,1,Potential Loyalists
CUST600,FEMALE,56+,71,1,1000,1000.0,1,3,1,At Risk
CUST274,FEMALE,18-25,267,1,1000,1000.0,4,4,1,Potential Loyalists
CUST352,MALE,56+,204,1,1000,1000.0,3,3,1,Potential Loyalists
CUST097,FEMALE,46-55,80,1,1000,1000.0,2,2,1,Lost Customers
CUST732,MALE,56+,324,1,1000,1000.0,5,3,2,Potential Loyalists
CUST297,FEMALE,36-45,119,1,1000,1000.0,2,4,1,At Risk
CUST275,MALE,36-45,268,1,1000,1000.0,4,1,1,New Customers
CUST153,MALE,56+,16,1,1000,1000.0,1,2,1,Lost Customers
CUST161,MALE,56+,285,1,1000,1000.0,4,4,1,Potential Loyalists
CUST880,MALE,18-25,133,1,1000,1000.0,2,5,1,At Risk
CUST237,FEMALE,46-55,331,1,1000,1000.0,5,4,1,Potential Loyalists
CUST026,FEMALE,26-35,86,1,1000,1000.0,2,2,1,Lost Customers
CUST709,FEMALE,18-25,164,1,1000,1000.0,3,2,1,Potential Loyalists
CUST605,MALE,36-45,161,1,1000,1000.0,3,5,1,Potential Loyalists
CUST404,MALE,46-55,221,1,1000,1000.0,3,3,1,Potential Loyalists
CUST235,FEMALE,18-25,335,1,1000,1000.0,5,3,1,Potential Loyalists
CUST382,FEMALE,46-55,220,1,1000,1000.0,3,1,1,Potential Loyalists
CUST002,FEMALE,26-35,308,1,1000,1000.0,5,1,1,New Customers
CUST662,MALE,46-55,10,1,1000,1000.0,1,5,1,At Risk
CUST779,FEMALE,56+,241,1,1000,1000.0,4,2,1,New Customers
CUST683,MALE,36-45,362,1,1000,1000.0,5,1,1,New Customers
CUST432,FEMALE,56+,361,1,1000,1000.0,5,3,1,Potential Loyalists
CUST299,MALE,56+,160,1,1000,1000.0,3,5,1,Potential Loyalists
CUST461,FEMALE,18-25,282,1,1000,1000.0,4,2,1,New Customers
CUST986,FEMALE,46-55,349,1,1000,1000.0,5,4,1,Potential Loyalists
CUST094,FEMALE,46-55,227,1,1000,1000.0,4,1,1,New Customers
CUST470,FEMALE,56+,229,1,1000,1000.0,4,4,1,Potential Loyalists
CUST660,FEMALE,36-45,247,1,1000,1000.0,4,2,1,New Customers
CUST990,FEMALE,56+,221,1,1000,1000.0,3,4,1,Potential Loyalists
CUST850,FEMALE,26-35,157,1,1000,1000.0,3,1,1,Potential Loyalists
CUST589,FEMALE,36-45,264,1,1000,1000.0,4,3,1,Potential Loyalists
CUST117,MALE,18-25,292,1,1000,1000.0,5,1,1,New Customers
CUST994,FEMALE,46-55,14,1,1000,1000.0,1,2,1,Lost Customers
CUST816,MALE,46-55,142,1,1000,1000.0,2,5,1,At Risk
CUST256,MALE,18-25,317,1,1000,1000.0,5,3,1,Potential Loyalists
CUST049,FEMALE,46-55,343,1,1000,1000.0,5,2,1,New Customers
CUST453,FEMALE,26-35,24,1,1000,1000.0,1,5,1,At Risk
CUST137,MALE,46-55,44,1,1000,1000.0,1,1,1,Lost Customers
CUST418,FEMALE,56+,149,1,1000,1000.0,3,2,1,Potential Loyalists
CUST104,FEMALE,26-35,204,1,1000,1000.0,3,3,1,Potential Loyalists
CUST684,FEMALE,26-35,185,1,1000,1000.0,3,3,2,Potential Loyalists
CUST853,MALE,18-25,242,1,1000,1000.0,4,4,1,Potential Loyalists
CUST393,FEMALE,18-25,82,1,1000,1000.0,2,3,1,At Risk
CUST534,MALE,46-55,205,1,1000,1000.0,3,2,1,Potential Loyalists
CUST395,MALE,46-55,26,1,1000,1000.0,1,3,1,At Risk
CUST203,MALE,56+,230,1,1000,1000.0,4,2,1,New Customers
CUST966,MALE,56+,315,1,1000,1000.0,5,2,1,New Customers
CUST346,MALE,56+,324,1,1000,1000.0,5,3,1,Potential Loyalists
CUST621,FEMALE,36-45,303,1,1000,1000.0,5,2,1,New Customers
CUST334,MALE,26-35,61,1,900,900.0,1,5,2,At Risk
CUST727,MALE,56+,193,1,900,900.0,3,1,2,Potential Loyalists
CUST030,FEMALE,36-45,64,1,900,900.0,1,2,2,Lost Customers
CUST171,FEMALE,46-55,38,1,900,900.0,1,2,2,Lost Customers
CUST457,FEMALE,56+,157,1,900,900.0,3,1,2,Potential Loyalists
CUST923,MALE,26-35,220,1,900,900.0,3,2,2,Potential Loyalists
CUST708,FEMALE,36-45,352,1,900,900.0,5,5,2,Potential Loyalists
CUST430,FEMALE,36-45,147,1,900,900.0,3,4,2,Potential Loyalists
CUST968,FEMALE,46-55,45,1,900,900.0,1,1,2,Lost Customers
CUST827,MALE,56+,53,1,900,900.0,1,3,2,At Risk
CUST551,MALE,46-55,171,1,900,900.0,3,3,2,Potential Loyalists
CUST488,FEMALE,46-55,197,1,900,900.0,3,5,2,Potential Loyalists
CUST417,MALE,36-45,41,1,900,900.0,1,1,2,Lost Customers
CUST133,MALE,18-25,319,1,900,900.0,5,1,2,New Customers
CUST509,FEMALE,36-45,189,1,900,900.0,3,5,2,Potential Loyalists
CUST582,MALE,36-45,48,1,900,900.0,1,1,2,Lost Customers
CUST950,MALE,36-45,55,1,900,900.0,1,4,2,At Risk
CUST243,FEMALE,46-55,223,1,900,900.0,3,4,2,Potential Loyalists
CUST515,FEMALE,46-55,168,1,900,900.0,3,2,2,Potential Loyalists
CUST635,FEMALE,56+,137,1,900,900.0,2,5,2,At Risk
CUST020,MALE,18-25,57,1,900,900.0,1,2,2,Lost Customers
CUST042,MALE,18-25,318,1,900,900.0,5,5,2,Potential Loyalists
CUST265,MALE,56+,21,1,900,900.0,1,1,2,Lost Customers
CUST295,FEMALE,26-35,157,1,900,900.0,3,3,2,Potential Loyalists
CUST788,FEMALE,46-55,188,1,900,900.0,3,1,2,Potential Loyalists
CUST540,FEMALE,46-55,24,1,900,900.0,1,1,2,Lost Customers
CUST550,MALE,36-45,25,1,900,900.0,1,5,2,At Risk
CUST891,MALE,36-45,271,1,900,900.0,4,2,2,New Customers
CUST180,MALE,36-45,365,1,900,900.0,5,5,2,Potential Loyalists
CUST969,FEMALE,36-45,257,1,900,900.0,4,3,2,Potential Loyalists
CUST782,MALE,56+,211,1,900,900.0,3,2,2,Potential Loyalists
CUST722,MALE,18-25,171,1,900,900.0,3,3,2,Potential Loyalists
CUST048,MALE,46-55,230,1,900,900.0,4,3,2,Potential Loyalists
CUST323,FEMALE,26-35,340,1,900,900.0,5,3,2,Potential Loyalists
CUST954,FEMALE,46-55,98,1,900,900.0,2,1,2,Lost Customers
CUST110,MALE,26-35,204,1,900,900.0,3,1,2,Potential Loyalists
CUST472,FEMALE,36-45,6,1,900,900.0,1,2,2,Lost Customers
CUST183,FEMALE,36-45,115,1,900,900.0,2,4,2,At Risk
CUST036,MALE,46-55,191,1,900,900.0,3,2,2,Potential Loyalists
CUST409,FEMALE,18-25,14,1,900,900.0,1,1,2,Lost Customers
CUST154,MALE,46-55,91,1,900,900.0,2,4,2,At Risk
CUST407,FEMALE,46-55,190,1,900,900.0,3,1,2,Potential Loyalists
CUST248,MALE,26-35,298,1,900,900.0,5,2,2,New Customers
CUST590,MALE,36-45,290,1,900,900.0,5,3,2,Potential Loyalists
CUST911,MALE,36-45,225,1,900,900.0,4,4,2,Potential Loyalists
CUST435,FEMALE,26-35,12,1,900,900.0,1,4,2,At Risk
CUST964,MALE,18-25,335,1,900,900.0,5,4,2,Potential Loyalists
CUST624,FEMALE,26-35,128,1,900,900.0,2,4,2,At Risk
CUST264,MALE,46-55,338,1,900,900.0,5,5,2,Potential Loyalists
CUST567,FEMALE,26-35,201,1,900,900.0,3,4,2,Potential Loyalists
CUST035,FEMALE,56+,149,1,900,900.0,3,3,2,Potential Loyalists
CUST766,MALE,36-45,310,1,900,900.0,5,4,2,Potential Loyalists
CUST056,FEMALE,26-35,215,1,900,900.0,3,2,2,Potential Loyalists
CUST806,FEMALE,36-45,287,1,900,900.0,4,2,2,New Customers
CUST198,FEMALE,46-55,300,1,900,900.0,5,5,2,Potential Loyalists
CUST680,FEMALE,46-55,71,1,900,900.0,1,4,2,At Risk
CUST886,MALE,36-45,267,1,900,900.0,4,4,2,Potential Loyalists
CUST690,FEMALE,46-55,57,1,900,900.0,1,3,2,At Risk
CUST678,FEMALE,56+,9,1,900,900.0,1,3,2,At Risk
CUST196,FEMALE,26-35,93,1,900,900.0,2,4,2,At Risk
CUST987,FEMALE,26-35,247,1,900,900.0,4,1,2,New Customers
CUST491,FEMALE,56+,223,1,900,900.0,3,4,2,Potential Loyalists
CUST610,FEMALE,26-35,363,1,600,600.0,5,1,2,New Customers
CUST158,FEMALE,36-45,308,1,600,600.0,5,5,2,Potential Loyalists
CUST842,FEMALE,46-55,6,1,600,600.0,1,2,2,Lost Customers
CUST702,FEMALE,56+,158,1,600,600.0,3,5,2,Potential Loyalists
CUST899,MALE,26-35,221,1,600,600.0,3,1,2,Potential Loyalists
CUST976,FEMALE,46-55,83,1,600,600.0,2,5,2,At Risk
CUST464,MALE,36-45,353,1,600,600.0,5,3,2,Potential Loyalists
CUST543,MALE,46-55,159,1,600,600.0,3,2,2,Potential Loyalists
CUST392,MALE,26-35,24,1,600,600.0,1,2,2,Lost Customers
CUST233,FEMALE,46-55,3,1,600,600.0,1,2,2,Lost Customers
CUST101,MALE,26-35,337,1,600,600.0,5,3,2,Potential Loyalists
CUST386,FEMALE,46-55,5,1,600,600.0,1,1,2,Lost Customers
CUST403,MALE,26-35,226,1,600,600.0,4,1,2,New Customers
CUST348,FEMALE,36-45,29,1,600,600.0,1,5,2,At Risk
CUST221,MALE,36-45,239,1,600,600.0,4,5,2,Potential Loyalists
CUST440,MALE,56+,67,1,600,600.0,1,2,2,Lost Customers
CUST508,MALE,56+,143,1,600,600.0,2,3,2,At Risk
CUST838,MALE,46-55,233,1,600,600.0,4,4,2,Potential Loyalists
CUST380,MALE,56+,240,1,600,600.0,4,2,2,New Customers
CUST290,FEMALE,26-35,89,1,600,600.0,2,2,2,Lost Customers
CUST373,FEMALE,26-35,90,1,600,600.0,2,1,2,Lost Customers
CUST009,MALE,56+,19,1,600,600.0,1,1,2,Lost Customers
CUST398,FEMALE,46-55,230,1,600,600.0,4,5,2,Potential Loyalists
CUST129,FEMALE,18-25,253,1,600,600.0,4,2,2,New Customers
CUST649,FEMALE,56+,326,1,600,600.0,5,3,2,Potential Loyalists
CUST402,FEMALE,36-45,286,1,600,600.0,4,1,2,New Customers
CUST496,MALE,18-25,18,1,600,600.0,1,4,2,At Risk
CUST131,FEMALE,18-25,105,1,600,600.0,2,4,2,At Risk
CUST096,FEMALE,36-45,13,1,600,600.0,1,5,2,At Risk
CUST291,MALE,56+,358,1,600,600.0,5,2,2,New Customers
CUST637,MALE,36-45,122,1,600,600.0,2,1,2,Lost Customers
CUST443,MALE,26-35,145,1,600,600.0,2,1,2,Lost Customers
CUST136,MALE,36-45,287,1,600,600.0,4,4,2,Potential Loyalists
CUST302,MALE,56+,171,1,600,600.0,3,5,2,Potential Loyalists
CUST594,FEMALE,18-25,122,1,600,600.0,2,2,2,Lost Customers
CUST655,FEMALE,56+,202,1,500,500.0,3,4,2,Potential Loyalists
CUST721,FEMALE,46-55,232,1,500,500.0,4,5,2,Potential Loyalists
CUST028,FEMALE,36-45,253,1,500,500.0,4,4,2,Potential Loyalists
CUST130,FEMALE,56+,295,1,500,500.0,5,5,2,Potential Loyalists
CUST105,FEMALE,18-25,160,1,500,500.0,3,5,2,Potential Loyalists
CUST408,FEMALE,56+,261,1,500,500.0,4,4,2,Potential Loyalists
CUST021,FEMALE,46-55,352,1,500,500.0,5,1,2,New Customers
CUST364,FEMALE,18-25,131,1,500,500.0,2,5,2,At Risk
CUST537,FEMALE,18-25,212,1,500,500.0,3,4,2,Potential Loyalists
CUST128,MALE,26-35,180,1,500,500.0,3,4,2,Potential Loyalists
CUST531,MALE,26-35,25,1,500,500.0,1,1,2,Lost Customers
CUST818,MALE,26-35,228,1,500,500.0,4,3,2,Potential Loyalists
CUST845,MALE,46-55,360,1,500,500.0,5,4,2,Potential Loyalists
CUST814,FEMALE,56+,118,1,500,500.0,2,5,2,At Risk
CUST904,MALE,26-35,181,1,500,500.0,3,2,2,Potential Loyalists
CUST254,MALE,36-45,157,1,500,500.0,3,5,2,Potential Loyalists
CUST220,MALE,56+,304,1,500,500.0,5,5,2,Potential Loyalists
CUST864,FEMALE,46-55,158,1,500,500.0,3,4,2,Potential Loyalists
CUST394,FEMALE,26-35,212,1,500,500.0,3,5,2,Potential Loyalists
CUST697,MALE,46-55,351,1,500,500.0,5,4,2,Potential Loyalists
CUST279,MALE,46-55,149,1,500,500.0,3,3,2,Potential Loyalists
CUST638,MALE,46-55,135,1,500,500.0,2,4,2,At Risk
CUST570,MALE,46-55,139,1,500,500.0,2,5,2,At Risk
CUST539,MALE,26-35,207,1,500,500.0,3,3,2,Potential Loyalists
CUST667,FEMALE,26-35,153,1,500,500.0,3,2,2,Potential Loyalists
CUST784,FEMALE,26-35,58,1,500,500.0,1,3,2,At Risk
CUST322,MALE,46-55,336,1,500,500.0,5,2,2,New Customers
CUST914,FEMALE,56+,82,1,500,500.0,2,4,2,At Risk
CUST541,MALE,56+,156,1,500,500.0,3,5,2,Potential Loyalists
CUST934,MALE,26-35,160,1,500,500.0,3,4,2,Potential Loyalists
CUST760,MALE,26-35,280,1,500,500.0,4,4,2,Potential Loyalists
CUST238,FEMALE,36-45,349,1,500,500.0,5,1,2,New Customers
CUST088,MALE,56+,278,1,500,500.0,4,1,2,New Customers
CUST717,MALE,56+,296,1,500,500.0,5,4,2,Potential Loyalists
CUST337,MALE,36-45,245,1,500,500.0,4,3,2,Potential Loyalists
CUST937,FEMALE,56+,70,1,500,500.0,1,5,2,At Risk
CUST355,FEMALE,56+,23,1,500,500.0,1,3,2,At Risk
CUST883,MALE,36-45,237,1,500,500.0,4,1,2,New Customers
CUST612,FEMALE,56+,148,1,500,500.0,3,1,2,Potential Loyalists
CUST781,MALE,36-45,9,1,500,500.0,1,5,2,At Risk
CUST714,FEMALE,18-25,323,1,500,500.0,5,1,2,New Customers
CUST319,MALE,26-35,88,1,500,500.0,2,3,2,At Risk
CUST384,MALE,56+,141,1,500,500.0,2,1,2,Lost Customers
CUST707,FEMALE,26-35,92,1,500,500.0,2,3,2,At Risk
CUST984,MALE,56+,125,1,500,500.0,2,2,2,Lost Customers
CUST353,MALE,26-35,232,1,500,500.0,4,1,2,New Customers
CUST283,FEMALE,18-25,238,1,500,500.0,4,2,2,New Customers
CUST867,MALE,18-25,209,1,500,500.0,3,1,2,Potential Loyalists
CUST004,MALE,36-45,225,1,500,500.0,4,3,2,Potential Loyalists
CUST091,FEMALE,56+,282,1,500,500.0,4,1,2,New Customers
CUST761,FEMALE,26-35,55,1,500,500.0,1,3,2,At Risk
CUST795,MALE,56+,34,1,300,300.0,1,4,2,At Risk
CUST905,MALE,56+,274,1,300,300.0,4,3,2,Potential Loyalists
CUST378,MALE,46-55,187,1,300,300.0,3,1,2,Potential Loyalists
CUST514,FEMALE,18-25,306,1,300,300.0,5,5,2,Potential Loyalists
CUST741,MALE,46-55,32,1,300,300.0,1,2,2,Lost Customers
CUST052,FEMALE,36-45,302,1,300,300.0,5,2,2,New Customers
CUST401,FEMALE,56+,82,1,300,300.0,2,1,2,Lost Customers
CUST252,MALE,46-55,241,1,300,300.0,4,2,2,New Customers
CUST865,FEMALE,36-45,11,1,300,300.0,1,1,2,Lost Customers
CUST881,MALE,18-25,227,1,300,300.0,4,3,2,Potential Loyalists
CUST698,FEMALE,56+,166,1,300,300.0,3,3,2,Potential Loyalists
CUST625,MALE,26-35,24,1,300,300.0,1,2,2,Lost Customers
CUST365,MALE,26-35,204,1,300,300.0,3,1,2,Potential Loyalists
CUST725,MALE,56+,133,1,300,300.0,2,2,2,Lost Customers
CUST523,FEMALE,56+,99,1,300,300.0,2,5,2,At Risk
CUST939,FEMALE,46-55,14,1,300,300.0,1,3,2,At Risk
CUST079,MALE,26-35,258,1,300,300.0,4,1,2,New Customers
CUST868,FEMALE,26-35,26,1,300,300.0,1,4,2,At Risk
CUST270,MALE,36-45,159,1,300,300.0,3,5,2,Potential Loyalists
CUST826,FEMALE,46-55,74,1,300,300.0,2,1,2,Lost Customers
CUST596,FEMALE,56+,328,1,300,300.0,5,3,2,Potential Loyalists
CUST043,FEMALE,46-55,171,1,300,300.0,3,1,2,Potential Loyalists
CUST147,MALE,18-25,95,1,300,300.0,2,2,2,Lost Customers
CUST568,FEMALE,46-55,127,1,300,300.0,2,4,2,At Risk
CUST174,FEMALE,36-45,264,1,300,300.0,4,5,2,Potential Loyalists
CUST358,FEMALE,26-35,230,1,300,300.0,4,4,2,Potential Loyalists
CUST240,FEMALE,18-25,329,1,300,300.0,5,4,2,Potential Loyalists
CUST925,MALE,26-35,120,1,300,300.0,2,2,2,Lost Customers
CUST179,MALE,26-35,94,1,300,300.0,2,1,2,Lost Customers
CUST445,FEMALE,46-55,344,1,300,300.0,5,5,2,Potential Loyalists
CUST783,FEMALE,56+,15,1,300,300.0,1,4,2,At Risk
CUST909,MALE,26-35,92,1,300,300.0,2,3,2,At Risk
CUST068,MALE,26-35,325,1,300,300.0,5,3,2,Potential Loyalists
CUST794,FEMALE,56+,106,1,300,300.0,2,4,2,At Risk
CUST168,MALE,46-55,311,1,300,300.0,5,1,2,New Customers
CUST852,FEMALE,36-45,81,1,300,300.0,2,4,2,At Risk
CUST602,FEMALE,18-25,9,1,300,300.0,1,5,2,At Risk
CUST687,FEMALE,46-55,151,1,300,300.0,3,2,2,Potential Loyalists
CUST674,FEMALE,36-45,260,1,300,300.0,4,3,2,Potential Loyalists
CUST641,FEMALE,36-45,39,1,300,300.0,1,1,2,Lost Customers
CUST947,MALE,46-55,305,1,300,300.0,5,4,2,Potential Loyalists
CUST024,FEMALE,46-55,33,1,300,300.0,1,3,2,At Risk
CUST983,FEMALE,26-35,61,1,300,300.0,1,5,2,At Risk
CUST555,MALE,26-35,74,1,300,300.0,2,4,2,At Risk
CUST070,FEMALE,36-45,314,1,300,300.0,5,3,2,Potential Loyalists
CUST821,MALE,46-55,321,1,300,300.0,5,2,2,New Customers
CUST917,FEMALE,56+,301,1,200,200.0,5,2,3,New Customers
CUST038,MALE,36-45,286,1,200,200.0,4,1,3,New Customers
CUST075,MALE,56+,179,1,200,200.0,3,5,2,Potential Loyalists
CUST010,FEMALE,46-55,86,1,200,200.0,2,2,3,Lost Customers
CUST411,MALE,56+,230,1,200,200.0,4,1,3,New Customers
CUST300,FEMALE,18-25,335,1,200,200.0,5,5,3,Loyal Customers
CUST785,FEMALE,26-35,304,1,200,200.0,5,5,3,Loyal Customers
CUST820,MALE,46-55,240,1,200,200.0,4,4,3,Loyal Customers
CUST341,MALE,26-35,239,1,200,200.0,4,1,3,New Customers
CUST604,FEMALE,26-35,112,1,200,200.0,2,4,3,At Risk
CUST686,FEMALE,26-35,166,1,200,200.0,3,3,3,Loyal Customers
CUST197,FEMALE,36-45,301,1,200,200.0,5,5,3,Loyal Customers
CUST930,MALE,46-55,236,1,200,200.0,4,5,3,Loyal Customers
CUST584,FEMALE,26-35,318,1,200,200.0,5,5,3,Loyal Customers
CUST377,FEMALE,46-55,298,1,200,200.0,5,4,3,Loyal Customers
CUST740,FEMALE,26-35,330,1,200,200.0,5,2,3,New Customers
CUST194,MALE,56+,117,1,200,200.0,2,4,3,At Risk
CUST400,MALE,46-55,311,1,200,200.0,5,2,3,New Customers
CUST833,MALE,36-45,199,1,200,200.0,3,4,3,Loyal Customers
CUST494,FEMALE,36-45,105,1,200,200.0,2,2,3,Lost Customers
CUST428,FEMALE,36-45,83,1,200,200.0,2,1,3,Lost Customers
CUST138,MALE,46-55,284,1,200,200.0,4,4,3,Loyal Customers
CUST159,MALE,26-35,215,1,200,200.0,3,1,3,Potential Loyalists
CUST210,MALE,36-45,263,1,200,200.0,4,3,3,Loyal Customers
CUST433,MALE,26-35,308,1,200,200.0,5,1,3,New Customers
CUST284,MALE,36-45,327,1,200,200.0,5,2,3,New Customers
CUST121,FEMALE,26-35,78,1,200,200.0,2,1,3,Lost Customers
CUST208,FEMALE,26-35,89,1,200,200.0,2,4,3,At Risk
CUST965,MALE,18-25,53,1,200,200.0,1,4,3,At Risk
CUST807,FEMALE,46-55,143,1,200,200.0,2,1,3,Lost Customers
CUST510,FEMALE,36-45,205,1,200,200.0,3,5,2,Potential Loyalists
CUST146,MALE,36-45,126,1,200,200.0,2,5,3,At Risk
CUST938,MALE,46-55,43,1,200,200.0,1,2,3,Lost Customers
CUST936,MALE,56+,328,1,200,200.0,5,1,3,New Customers
CUST209,FEMALE,26-35,12,1,200,200.0,1,2,3,Lost Customers
CUST186,MALE,18-25,180,1,200,200.0,3,3,3,Loyal Customers
CUST251,FEMALE,56+,123,1,200,200.0,2,1,3,Lost Customers
CUST184,MALE,26-35,356,1,200,200.0,5,5,3,Loyal Customers
CUST903,FEMALE,46-55,249,1,200,200.0,4,4,3,Loyal Customers
CUST765,MALE,36-45,206,1,200,200.0,3,2,3,Potential Loyalists
CUST330,FEMALE,26-35,105,1,200,200.0,2,5,3,At Risk
CUST082,FEMALE,26-35,6,1,200,200.0,1,5,2,At Risk
CUST835,MALE,36-45,116,1,200,200.0,2,5,3,At Risk
CUST971,FEMALE,26-35,27,1,200,200.0,1,1,3,Lost Customers
CUST975,FEMALE,56+,277,1,200,200.0,4,2,3,New Customers
CUST723,FEMALE,46-55,198,1,200,200.0,3,1,3,Potential Loyalists
CUST259,FEMALE,46-55,145,1,200,200.0,2,3,3,At Risk
CUST961,MALE,46-55,209,1,200,200.0,3,4,3,Loyal Customers
CUST817,MALE,26-35,62,1,200,200.0,1,4,3,At Risk
CUST217,FEMALE,36-45,141,1,200,200.0,2,1,3,Lost Customers
CUST061,MALE,18-25,267,1,200,200.0,4,5,3,Loyal Customers
CUST282,FEMALE,56+,129,1,200,200.0,2,3,3,At Risk
CUST628,FEMALE,18-25,61,1,200,200.0,1,5,2,At Risk
CUST354,FEMALE,46-55,261,1,200,200.0,4,3,3,Loyal Customers
CUST801,MALE,18-25,144,1,200,200.0,2,5,3,At Risk
CUST639,FEMALE,56+,233,1,200,200.0,4,1,3,New Customers
CUST546,FEMALE,36-45,82,1,200,200.0,2,4,3,At Risk
CUST569,MALE,46-55,139,1,200,200.0,2,5,3,At Risk
CUST132,MALE,36-45,113,1,200,200.0,2,3,3,At Risk
CUST696,FEMALE,46-55,117,1,200,200.0,2,2,3,Lost Customers
CUST860,MALE,56+,357,1,200,200.0,5,4,3,Loyal Customers
CUST449,MALE,26-35,182,1,200,200.0,3,1,3,Potential Loyalists
CUST336,FEMALE,46-55,20,1,150,150.0,1,5,3,At Risk
CUST813,MALE,46-55,90,1,150,150.0,2,5,3,At Risk
CUST777,MALE,46-55,12,1,150,150.0,1,4,3,At Risk
CUST001,MALE,26-35,38,1,150,150.0,1,1,3,Lost Customers
CUST200,MALE,26-35,122,1,150,150.0,2,2,3,Lost Customers
CUST668,FEMALE,56+,157,1,150,150.0,3,5,3,Loyal Customers
CUST671,MALE,56+,127,1,150,150.0,2,5,3,At Risk
CUST504,FEMALE,36-45,230,1,150,150.0,4,5,3,Loyal Customers
CUST034,FEMALE,46-55,8,1,150,150.0,1,1,3,Lost Customers
CUST167,FEMALE,36-45,106,1,150,150.0,2,1,3,Lost Customers
CUST576,FEMALE,26-35,28,1,150,150.0,1,3,3,At Risk
CUST163,FEMALE,56+,364,1,150,150.0,5,3,3,Loyal Customers
CUST554,FEMALE,46-55,50,1,150,150.0,1,4,3,At Risk
CUST467,FEMALE,46-55,155,1,150,150.0,3,3,3,Loyal Customers
CUST327,MALE,56+,94,1,150,150.0,2,1,3,Lost Customers
CUST724,MALE,56+,257,1,150,150.0,4,2,3,New Customers
CUST471,MALE,26-35,284,1,150,150.0,4,1,3,New Customers
CUST999,FEMALE,36-45,27,1,150,150.0,1,4,3,At Risk
CUST490,MALE,26-35,330,1,150,150.0,5,3,3,Loyal Customers
CUST060,MALE,26-35,70,1,150,150.0,1,3,3,At Risk
CUST822,FEMALE,46-55,223,1,150,150.0,3,5,3,Loyal Customers
CUST993,FEMALE,46-55,329,1,150,150.0,5,1,3,New Customers
CUST324,FEMALE,46-55,66,1,150,150.0,1,2,3,Lost Customers
CUST910,FEMALE,18-25,301,1,150,150.0,5,5,3,Loyal Customers
CUST844,MALE,36-45,81,1,150,150.0,2,3,3,At Risk
CUST695,FEMALE,18-25,142,1,150,150.0,2,1,3,Lost Customers
CUST119,FEMALE,56+,294,1,150,150.0,5,1,3,New Customers
CUST465,FEMALE,36-45,274,1,150,150.0,4,4,3,Loyal Customers
CUST085,MALE,26-35,329,1,150,150.0,5,4,3,Loyal Customers
CUST623,MALE,26-35,297,1,150,150.0,5,4,3,Loyal Customers
CUST912,MALE,46-55,342,1,150,150.0,5,4,3,Loyal Customers
CUST748,MALE,26-35,287,1,150,150.0,4,1,3,New Customers
CUST651,MALE,46-55,219,1,150,150.0,3,3,3,Loyal Customers
CUST231,FEMALE,18-25,362,1,150,150.0,5,1,3,New Customers
CUST728,MALE,46-55,171,1,150,150.0,3,5,3,Loyal Customers
CUST502,MALE,36-45,274,1,150,150.0,4,5,3,Loyal Customers
CUST666,MALE,46-55,333,1,150,150.0,5,4,3,Loyal Customers
CUST978,FEMALE,46-55,285,1,150,150.0,4,2,3,New Customers
CUST426,MALE,18-25,283,1,150,150.0,4,4,3,Loyal Customers
CUST830,FEMALE,56+,193,1,150,150.0,3,1,3,Potential Loyalists
CUST529,FEMALE,36-45,145,1,150,150.0,2,3,3,At Risk
CUST538,MALE,18-25,106,1,150,150.0,2,5,3,At Risk
CUST532,FEMALE,56+,196,1,120,120.0,3,5,3,Loyal Customers
CUST876,MALE,36-45,84,1,120,120.0,2,2,3,Lost Customers
CUST536,FEMALE,56+,302,1,120,120.0,5,1,3,New Customers
CUST931,MALE,26-35,121,1,120,120.0,2,4,3,At Risk
CUST578,FEMALE,46-55,220,1,120,120.0,3,2,3,Potential Loyalists
CUST335,FEMALE,46-55,331,1,120,120.0,5,2,3,New Customers
CUST530,FEMALE,18-25,330,1,120,120.0,5,4,3,Loyal Customers
CUST222,MALE,46-55,250,1,120,120.0,4,4,3,Loyal Customers
CUST425,FEMALE,56+,231,1,120,120.0,4,2,3,New Customers
CUST092,FEMALE,46-55,129,1,120,120.0,2,5,3,At Risk
CUST436,FEMALE,56+,289,1,120,120.0,5,2,3,New Customers
CUST023,FEMALE,36-45,264,1,120,120.0,4,4,3,Loyal Customers
CUST519,FEMALE,36-45,343,1,120,120.0,5,3,3,Loyal Customers
CUST633,MALE,36-45,147,1,120,120.0,3,3,3,Loyal Customers
CUST824,MALE,56+,241,1,120,120.0,4,2,3,New Customers
CUST957,FEMALE,56+,139,1,120,120.0,2,2,3,Lost Customers
CUST312,MALE,36-45,116,1,120,120.0,2,1,3,Lost Customers
CUST645,FEMALE,36-45,45,1,120,120.0,1,4,3,At Risk
CUST262,FEMALE,26-35,155,1,120,120.0,3,4,3,Loyal Customers
CUST497,MALE,36-45,91,1,120,120.0,2,3,3,At Risk
CUST856,MALE,46-55,35,1,120,120.0,1,3,3,At Risk
CUST150,FEMALE,56+,360,1,120,120.0,5,2,3,New Customers
CUST271,FEMALE,56+,192,1,120,120.0,3,5,3,Loyal Customers
CUST1000,MALE,46-55,264,1,120,120.0,4,5,3,Loyal Customers
CUST640,FEMALE,46-55,239,1,120,120.0,4,5,3,Loyal Customers
CUST182,MALE,56+,200,1,120,120.0,3,4,3,Loyal Customers
CUST885,FEMALE,46-55,304,1,120,120.0,5,5,3,Loyal Customers
CUST314,MALE,46-55,268,1,120,120.0,4,4,3,Loyal Customers
CUST699,FEMALE,36-45,193,1,120,120.0,3,2,3,Potential Loyalists
CUST598,MALE,36-45,153,1,120,120.0,3,5,3,Loyal Customers
CUST039,MALE,18-25,255,1,120,120.0,4,4,3,Loyal Customers
CUST173,MALE,56+,54,1,120,120.0,1,5,3,At Risk
CUST014,MALE,56+,349,1,120,120.0,5,2,3,New Customers
CUST288,MALE,26-35,340,1,120,120.0,5,2,3,New Customers
CUST055,MALE,26-35,83,1,120,120.0,2,3,3,At Risk
CUST521,FEMALE,46-55,142,1,120,120.0,2,1,3,Lost Customers
CUST796,MALE,36-45,191,1,120,120.0,3,2,3,Potential Loyalists
CUST301,MALE,26-35,281,1,120,120.0,4,2,3,New Customers
CUST477,MALE,36-45,252,1,120,120.0,4,5,3,Loyal Customers
CUST870,FEMALE,46-55,177,1,120,120.0,3,1,3,Potential Loyalists
CUST122,MALE,56+,90,1,120,120.0,2,2,3,Lost Customers
CUST895,FEMALE,56+,224,1,120,120.0,4,3,3,Loyal Customers
CUST769,FEMALE,26-35,206,1,120,120.0,3,2,3,Potential Loyalists
CUST517,FEMALE,46-55,268,1,100,100.0,4,5,3,Loyal Customers
CUST932,FEMALE,46-55,307,1,100,100.0,5,2,3,New Customers
CUST381,FEMALE,36-45,176,1,100,100.0,3,3,4,Loyal Customers
CUST492,MALE,56+,186,1,100,100.0,3,4,4,Champions
CUST745,MALE,46-55,263,1,100,100.0,4,5,4,Champions
CUST823,FEMALE,56+,135,1,100,100.0,2,1,3,Lost Customers
CUST277,MALE,36-45,136,1,100,100.0,2,3,3,At Risk
CUST738,MALE,36-45,251,1,100,100.0,4,4,4,Champions
CUST706,MALE,46-55,47,1,100,100.0,1,3,4,At Risk
CUST809,FEMALE,56+,98,1,100,100.0,2,4,4,Champions
CUST689,MALE,56+,86,1,100,100.0,2,3,4,At Risk
CUST225,FEMALE,56+,355,1,100,100.0,5,1,3,New Customers
CUST077,FEMALE,46-55,176,1,100,100.0,3,5,4,Champions
CUST888,FEMALE,46-55,304,1,100,100.0,5,3,4,Loyal Customers
CUST216,MALE,56+,174,1,100,100.0,3,3,3,Loyal Customers
CUST278,FEMALE,36-45,294,1,100,100.0,5,3,3,Loyal Customers
CUST688,MALE,56+,90,1,100,100.0,2,1,4,Lost Customers
CUST758,MALE,56+,234,1,100,100.0,4,2,4,New Customers
CUST591,MALE,46-55,353,1,100,100.0,5,5,3,Loyal Customers
CUST810,MALE,56+,32,1,100,100.0,1,4,3,At Risk
CUST873,FEMALE,26-35,94,1,100,100.0,2,1,4,Lost Customers
CUST458,FEMALE,36-45,48,1,100,100.0,1,4,4,Champions
CUST754,FEMALE,36-45,77,1,100,100.0,2,1,3,Lost Customers
CUST799,MALE,56+,115,1,100,100.0,2,2,3,Lost Customers
CUST033,FEMALE,46-55,284,1,100,100.0,4,4,4,Champions
CUST176,FEMALE,36-45,174,1,100,100.0,3,4,3,Loyal Customers
CUST609,FEMALE,46-55,13,1,100,100.0,1,2,3,Lost Customers
CUST692,FEMALE,56+,116,1,100,100.0,2,5,4,Champions
CUST287,MALE,46-55,315,1,100,100.0,5,2,4,New Customers
CUST841,MALE,26-35,60,1,100,100.0,1,1,3,Lost Customers
CUST455,MALE,26-35,184,1,100,100.0,3,1,3,Potential Loyalists
CUST160,FEMALE,36-45,143,1,100,100.0,2,5,4,Champions
CUST276,FEMALE,18-25,91,1,100,100.0,2,4,3,At Risk
CUST661,FEMALE,36-45,169,1,100,100.0,3,3,4,Loyal Customers
CUST583,FEMALE,18-25,194,1,100,100.0,3,5,4,Champions
CUST513,MALE,18-25,104,1,100,100.0,2,3,4,At Risk
CUST087,FEMALE,26-35,40,1,100,100.0,1,1,4,Lost Customers
CUST703,MALE,26-35,281,1,100,100.0,4,4,4,Champions
CUST338,MALE,46-55,159,1,100,100.0,3,4,4,Champions
CUST549,FEMALE,46-55,150,1,100,100.0,3,4,4,Champions
CUST366,MALE,56+,328,1,100,100.0,5,1,3,New Customers
CUST632,FEMALE,26-35,107,1,100,100.0,2,1,3,Lost Customers
CUST520,FEMALE,46-55,3,1,100,100.0,1,1,3,Lost Customers
CUST017,FEMALE,26-35,254,1,100,100.0,4,5,4,Champions
CUST991,FEMALE,26-35,6,1,100,100.0,1,2,4,Lost Customers
CUST414,MALE,46-55,237,1,100,100.0,4,1,3,New Customers
CUST775,FEMALE,46-55,327,1,100,100.0,5,2,4,New Customers
CUST858,MALE,18-25,114,1,100,100.0,2,2,3,Lost Customers
CUST177,MALE,46-55,283,1,100,100.0,4,2,3,New Customers
CUST022,MALE,18-25,78,1,100,100.0,2,2,3,Lost Customers
CUST652,FEMALE,26-35,245,1,100,100.0,4,3,3,Loyal Customers
CUST736,MALE,26-35,339,1,100,100.0,5,2,3,New Customers
CUST803,MALE,36-45,40,1,100,100.0,1,1,3,Lost Customers
CUST642,FEMALE,46-55,224,1,100,100.0,4,2,3,New Customers
CUST599,FEMALE,26-35,43,1,100,100.0,1,2,3,Lost Customers
CUST125,MALE,46-55,146,1,100,100.0,3,5,3,Loyal Customers
CUST064,MALE,46-55,342,1,100,100.0,5,3,4,Loyal Customers
CUST778,FEMALE,46-55,44,1,100,100.0,1,5,4,Champions
CUST156,FEMALE,36-45,37,1,100,100.0,1,1,4,Lost Customers
CUST114,FEMALE,18-25,163,1,100,100.0,3,2,3,Potential Loyalists
CUST175,FEMALE,26-35,287,1,100,100.0,4,2,3,New Customers
CUST752,MALE,26-35,23,1,100,100.0,1,1,4,Lost Customers
CUST011,MALE,18-25,321,1,100,100.0,5,1,3,New Customers
CUST076,FEMALE,18-25,282,1,100,100.0,4,1,3,New Customers
CUST406,FEMALE,18-25,258,1,100,100.0,4,3,4,Loyal Customers
CUST062,MALE,18-25,5,1,100,100.0,1,4,3,At Risk
CUST786,MALE,46-55,76,1,100,100.0,2,4,4,Champions
CUST442,FEMALE,56+,290,1,100,100.0,5,2,3,New Customers
CUST516,MALE,26-35,70,1,100,100.0,1,3,4,At Risk
CUST511,MALE,46-55,142,1,100,100.0,2,4,3,At Risk
CUST192,MALE,56+,325,1,100,100.0,5,3,3,Loyal Customers
CUST008,MALE,26-35,313,1,100,100.0,5,1,3,New Customers
CUST272,FEMALE,56+,310,1,100,100.0,5,1,3,New Customers
CUST831,MALE,26-35,351,1,100,100.0,5,1,4,New Customers
CUST498,FEMALE,46-55,196,1,100,100.0,3,3,4,Loyal Customers
CUST360,MALE,36-45,298,1,100,100.0,5,2,4,New Customers
CUST630,MALE,36-45,139,1,100,100.0,2,3,3,At Risk
CUST311,FEMALE,26-35,27,1,100,100.0,1,5,4,Champions
CUST005,MALE,26-35,240,1,100,100.0,4,3,4,Loyal Customers
CUST328,MALE,36-45,285,1,100,100.0,4,3,3,Loyal Customers
CUST329,FEMALE,46-55,336,1,100,100.0,5,1,3,New Customers
CUST466,MALE,56+,195,1,100,100.0,3,5,3,Loyal Customers
CUST819,FEMALE,36-45,200,1,100,100.0,3,1,3,Potential Loyalists
CUST564,MALE,46-55,69,1,100,100.0,1,1,3,Lost Customers
CUST500,FEMALE,56+,306,1,100,100.0,5,5,4,Champions
CUST924,MALE,56+,125,1,100,100.0,2,5,4,Champions
CUST672,FEMALE,26-35,153,1,100,100.0,3,5,3,Loyal Customers
CUST897,FEMALE,56+,97,1,100,100.0,2,2,3,Lost Customers
CUST244,MALE,26-35,23,1,100,100.0,1,5,4,Champions
CUST098,FEMALE,56+,253,1,100,100.0,4,1,4,New Customers
CUST390,MALE,36-45,95,1,100,100.0,2,2,4,Lost Customers
CUST083,MALE,46-55,16,1,100,100.0,1,5,4,Champions
CUST227,MALE,36-45,82,1,100,100.0,2,4,3,At Risk
CUST187,FEMALE,56+,208,1,100,100.0,3,2,3,Potential Loyalists
CUST951,MALE,26-35,60,1,100,100.0,1,3,3,At Risk
CUST759,MALE,46-55,177,1,100,100.0,3,2,3,Potential Loyalists
CUST575,MALE,56+,279,1,100,100.0,4,5,4,Champions
CUST715,FEMALE,36-45,36,1,100,100.0,1,1,3,Lost Customers
CUST615,FEMALE,56+,9,1,100,100.0,1,3,4,At Risk
CUST887,MALE,56+,204,1,100,100.0,3,4,4,Champions
CUST526,MALE,26-35,22,1,100,100.0,1,3,3,At Risk
CUST410,FEMALE,26-35,41,1,100,100.0,1,5,4,Champions
CUST998,FEMALE,18-25,64,1,100,100.0,1,5,4,Champions
CUST619,MALE,46-55,80,1,100,100.0,2,4,4,Champions
CUST071,FEMALE,46-55,171,1,100,100.0,3,1,3,Potential Loyalists
CUST053,MALE,26-35,172,1,100,100.0,3,1,3,Potential Loyalists
CUST616,MALE,36-45,100,1,100,100.0,2,1,3,Lost Customers
CUST972,MALE,46-55,324,1,100,100.0,5,1,3,New Customers
CUST126,FEMALE,26-35,67,1,90,90.0,1,4,4,Champions
CUST631,MALE,56+,52,1,90,90.0,1,3,4,At Risk
CUST646,MALE,36-45,243,1,90,90.0,4,5,4,Champions
CUST861,FEMALE,36-45,318,1,90,90.0,5,3,4,Loyal Customers
CUST317,MALE,18-25,336,1,90,90.0,5,4,4,Champions
CUST293,MALE,46-55,244,1,90,90.0,4,1,4,New Customers
CUST679,FEMALE,18-25,355,1,90,90.0,5,3,4,Loyal Customers
CUST704,FEMALE,56+,126,1,90,90.0,2,1,4,Lost Customers
CUST190,FEMALE,56+,242,1,90,90.0,4,5,4,Champions
CUST746,FEMALE,26-35,355,1,90,90.0,5,5,4,Champions
CUST422,FEMALE,26-35,195,1,90,90.0,3,3,4,Loyal Customers
CUST613,FEMALE,46-55,253,1,90,90.0,4,5,4,Champions
CUST073,MALE,26-35,133,1,90,90.0,2,5,4,Champions
CUST084,FEMALE,36-45,34,1,90,90.0,1,4,4,Champions
CUST032,MALE,26-35,362,1,90,90.0,5,2,4,New Customers
CUST898,FEMALE,36-45,60,1,90,90.0,1,3,4,At Risk
CUST229,MALE,56+,64,1,90,90.0,1,5,4,Champions
CUST267,FEMALE,26-35,35,1,90,90.0,1,1,4,Lost Customers
CUST776,MALE,36-45,62,1,90,90.0,1,5,4,Champions
CUST603,FEMALE,36-45,169,1,90,90.0,3,2,4,Potential Loyalists
CUST557,FEMALE,18-25,158,1,90,90.0,3,1,4,Potential Loyalists
CUST691,FEMALE,46-55,253,1,90,90.0,4,2,4,New Customers
CUST837,MALE,18-25,184,1,90,90.0,3,4,4,Champions
CUST656,MALE,26-35,89,1,90,90.0,2,5,4,Champions
CUST086,MALE,18-25,54,1,90,90.0,1,1,4,Lost Customers
CUST913,MALE,26-35,338,1,90,90.0,5,3,4,Loyal Customers
CUST294,FEMALE,18-25,280,1,90,90.0,4,5,4,Champions
CUST351,FEMALE,56+,98,1,90,90.0,2,1,4,Lost Customers
CUST219,FEMALE,46-55,134,1,90,90.0,2,3,4,At Risk
CUST383,FEMALE,46-55,285,1,90,90.0,4,5,4,Champions
CUST419,FEMALE,36-45,224,1,90,90.0,4,3,4,Loyal Customers
CUST829,MALE,56+,171,1,90,90.0,3,1,4,Potential Loyalists
CUST953,MALE,46-55,250,1,90,90.0,4,3,4,Loyal Customers
CUST218,MALE,56+,101,1,90,90.0,2,1,4,Lost Customers
CUST982,FEMALE,46-55,13,1,90,90.0,1,5,4,Champions
CUST643,FEMALE,26-35,99,1,90,90.0,2,5,4,Champions
CUST535,MALE,46-55,26,1,90,90.0,1,2,4,Lost Customers
CUST444,FEMALE,56+,300,1,90,90.0,5,3,4,Loyal Customers
CUST915,FEMALE,26-35,216,1,90,90.0,3,5,4,Champions
CUST997,MALE,46-55,45,1,90,90.0,1,5,4,Champions
CUST331,MALE,26-35,324,1,90,90.0,5,4,4,Champions
CUST303,MALE,18-25,364,1,90,90.0,5,5,4,Champions
CUST245,MALE,46-55,117,1,90,90.0,2,4,4,Champions
CUST918,FEMALE,36-45,39,1,90,90.0,1,3,4,At Risk
CUST815,FEMALE,46-55,127,1,75,75.0,2,3,4,At Risk
CUST750,FEMALE,36-45,301,1,75,75.0,5,4,4,Champions
CUST607,MALE,46-55,290,1,75,75.0,5,4,4,Champions
CUST622,FEMALE,46-55,132,1,75,75.0,2,1,4,Lost Customers
CUST620,MALE,56+,238,1,75,75.0,4,4,4,Champions
CUST357,FEMALE,36-45,243,1,75,75.0,4,3,4,Loyal Customers
CUST374,FEMALE,56+,256,1,75,75.0,4,1,4,New Customers
CUST326,FEMALE,18-25,108,1,75,75.0,2,2,4,Lost Customers
CUST012,MALE,36-45,63,1,75,75.0,1,5,4,Champions
CUST848,FEMALE,56+,322,1,75,75.0,5,3,4,Loyal Customers
CUST439,MALE,46-55,176,1,75,75.0,3,3,4,Loyal Customers
CUST051,MALE,26-35,91,1,75,75.0,2,2,4,Lost Customers
CUST475,MALE,26-35,346,1,75,75.0,5,1,4,New Customers
CUST552,FEMALE,46-55,19,1,75,75.0,1,4,4,Champions
CUST654,MALE,36-45,194,1,75,75.0,3,4,4,Champions
CUST069,FEMALE,56+,246,1,75,75.0,4,2,4,New Customers
CUST188,MALE,36-45,243,1,75,75.0,4,4,4,Champions
CUST921,MALE,46-55,359,1,75,75.0,5,5,4,Champions
CUST767,MALE,36-45,69,1,75,75.0,1,4,4,Champions
CUST149,MALE,18-25,82,1,75,75.0,2,4,4,Champions
CUST145,FEMALE,36-45,60,1,75,75.0,1,2,4,Lost Customers
CUST241,FEMALE,18-25,102,1,75,75.0,2,3,4,At Risk
CUST948,FEMALE,18-25,80,1,75,75.0,2,5,4,Champions
CUST469,MALE,18-25,238,1,75,75.0,4,4,4,Champions
CUST350,MALE,26-35,76,1,75,75.0,2,2,4,Lost Customers
CUST413,FEMALE,36-45,115,1,75,75.0,2,3,4,At Risk
CUST653,MALE,46-55,226,1,75,75.0,4,4,4,Champions
CUST108,FEMALE,26-35,257,1,75,75.0,4,4,4,Champions
CUST644,MALE,18-25,117,1,75,75.0,2,4,4,Champions
CUST977,FEMALE,36-45,327,1,75,75.0,5,3,4,Loyal Customers
CUST037,FEMALE,18-25,223,1,75,75.0,3,1,4,Potential Loyalists
CUST872,FEMALE,56+,82,1,75,75.0,2,2,4,Lost Customers
CUST920,FEMALE,26-35,313,1,75,75.0,5,3,4,Loyal Customers
CUST980,FEMALE,26-35,156,1,75,75.0,3,3,4,Loyal Customers
CUST713,MALE,26-35,352,1,75,75.0,5,3,4,Loyal Customers
CUST050,FEMALE,26-35,130,1,75,75.0,2,2,4,Lost Customers
CUST812,MALE,18-25,50,1,75,75.0,1,1,4,Lost Customers
CUST988,FEMALE,56+,218,1,75,75.0,3,3,4,Loyal Customers
CUST929,FEMALE,18-25,339,1,75,75.0,5,5,4,Champions
CUST718,FEMALE,56+,129,1,75,75.0,2,5,4,Champions
CUST755,FEMALE,56+,254,1,75,75.0,4,5,4,Champions
CUST768,FEMALE,18-25,352,1,75,75.0,5,3,4,Loyal Customers
CUST797,MALE,36-45,359,1,75,75.0,5,2,4,New Customers
CUST228,FEMALE,56+,248,1,60,60.0,4,1,4,New Customers
CUST573,MALE,46-55,104,1,60,60.0,2,2,4,Lost Customers
CUST080,FEMALE,56+,22,1,60,60.0,1,2,4,Lost Customers
CUST962,MALE,36-45,74,1,60,60.0,2,4,4,Champions
CUST448,FEMALE,46-55,345,1,60,60.0,5,3,4,Loyal Customers
CUST495,MALE,18-25,161,1,60,60.0,3,2,4,Potential Loyalists
CUST981,FEMALE,26-35,135,1,60,60.0,2,5,4,Champions
CUST900,MALE,18-25,314,1,60,60.0,5,5,4,Champions
CUST263,MALE,18-25,126,1,60,60.0,2,4,4,Champions
CUST178,MALE,36-45,89,1,60,60.0,2,4,4,Champions
CUST266,FEMALE,18-25,31,1,60,60.0,1,3,4,At Risk
CUST528,FEMALE,36-45,179,1,60,60.0,3,3,4,Loyal Customers
CUST415,MALE,46-55,339,1,60,60.0,5,2,4,New Customers
CUST701,FEMALE,46-55,18,1,60,60.0,1,1,4,Lost Customers
CUST478,FEMALE,56+,263,1,60,60.0,4,5,4,Champions
CUST960,MALE,56+,146,1,60,60.0,3,3,4,Loyal Customers
CUST675,FEMALE,46-55,150,1,60,60.0,3,3,4,Loyal Customers
CUST992,FEMALE,56+,133,1,60,60.0,2,5,4,Champions
CUST719,FEMALE,36-45,272,1,60,60.0,4,2,4,New Customers
CUST548,FEMALE,46-55,267,1,60,60.0,4,4,4,Champions
CUST289,MALE,46-55,32,1,60,60.0,1,4,4,Champions
CUST565,FEMALE,46-55,55,1,60,60.0,1,3,4,At Risk
CUST123,FEMALE,36-45,231,1,60,60.0,4,2,4,New Customers
CUST148,MALE,18-25,237,1,60,60.0,4,2,4,New Customers
CUST095,FEMALE,26-35,38,1,60,60.0,1,3,4,At Risk
CUST871,MALE,56+,123,1,60,60.0,2,2,4,Lost Customers
CUST214,MALE,18-25,22,1,60,60.0,1,2,4,Lost Customers
CUST593,MALE,36-45,240,1,60,60.0,4,5,4,Champions
CUST588,MALE,36-45,250,1,60,60.0,4,4,4,Champions
CUST681,FEMALE,36-45,171,1,60,60.0,3,1,4,Potential Loyalists
CUST581,FEMALE,46-55,41,1,60,60.0,1,3,4,At Risk
CUST959,FEMALE,36-45,64,1,60,60.0,1,2,4,Lost Customers
CUST162,MALE,36-45,133,1,60,60.0,2,2,4,Lost Customers
CUST260,MALE,26-35,184,1,60,60.0,3,2,4,Potential Loyalists
CUST884,FEMALE,26-35,247,1,60,60.0,4,2,4,New Customers
CUST399,FEMALE,56+,306,1,60,60.0,5,5,4,Champions
CUST315,MALE,46-55,214,1,60,60.0,3,2,4,Potential Loyalists
CUST304,FEMALE,36-45,166,1,60,60.0,3,2,4,Potential Loyalists
CUST834,FEMALE,56+,272,1,60,60.0,4,4,4,Champions
CUST499,MALE,46-55,351,1,60,60.0,5,5,4,Champions
CUST247,MALE,36-45,89,1,60,60.0,2,5,4,Champions
CUST370,MALE,18-25,77,1,60,60.0,2,2,4,Lost Customers
CUST563,MALE,18-25,145,1,60,60.0,2,5,4,Champions
CUST501,MALE,36-45,232,1,60,60.0,4,3,4,Loyal Customers
CUST456,MALE,56+,79,1,60,60.0,2,4,4,Champions
CUST618,FEMALE,26-35,340,1,50,50.0,5,4,5,Champions
CUST120,MALE,56+,239,1,50,50.0,4,2,4,New Customers
CUST935,FEMALE,26-35,114,1,50,50.0,2,2,5,Lost Customers
CUST273,FEMALE,18-25,238,1,50,50.0,4,2,5,New Customers
CUST258,FEMALE,36-45,28,1,50,50.0,1,2,5,Lost Customers
CUST890,MALE,26-35,12,1,50,50.0,1,1,5,Lost Customers
CUST906,FEMALE,18-25,211,1,50,50.0,3,3,5,Loyal Customers
CUST944,MALE,36-45,210,1,50,50.0,3,4,5,Champions
CUST996,MALE,56+,230,1,50,50.0,4,2,4,New Customers
CUST770,MALE,26-35,71,1,50,50.0,1,5,5,Champions
CUST102,FEMALE,46-55,248,1,50,50.0,4,4,5,Champions
CUST882,FEMALE,56+,209,1,50,50.0,3,1,5,Potential Loyalists
CUST307,FEMALE,26-35,219,1,50,50.0,3,2,5,Potential Loyalists
CUST694,FEMALE,36-45,226,1,50,50.0,4,4,5,Champions
CUST949,FEMALE,36-45,152,1,50,50.0,3,1,5,Potential Loyalists
CUST059,MALE,56+,180,1,50,50.0,3,4,5,Champions
CUST527,MALE,56+,265,1,50,50.0,4,4,5,Champions
CUST172,MALE,26-35,106,1,50,50.0,2,3,5,At Risk
CUST854,MALE,26-35,12,1,50,50.0,1,1,5,Lost Customers
CUST893,MALE,46-55,255,1,50,50.0,4,2,5,New Customers
CUST627,MALE,56+,79,1,50,50.0,2,3,5,At Risk
CUST106,FEMALE,46-55,228,1,50,50.0,4,4,4,Champions
CUST143,FEMALE,46-55,168,1,50,50.0,3,2,5,Potential Loyalists
CUST018,FEMALE,46-55,246,1,50,50.0,4,5,5,Champions
CUST151,MALE,26-35,17,1,50,50.0,1,2,5,Lost Customers
CUST493,MALE,36-45,37,1,50,50.0,1,3,5,At Risk
CUST359,MALE,46-55,163,1,50,50.0,3,2,5,Potential Loyalists
CUST751,FEMALE,36-45,123,1,50,50.0,2,1,5,Lost Customers
CUST922,MALE,36-45,72,1,50,50.0,2,1,5,Lost Customers
CUST207,FEMALE,36-45,257,1,50,50.0,4,4,5,Champions
CUST798,MALE,56+,150,1,50,50.0,3,5,5,Champions
CUST846,MALE,36-45,101,1,50,50.0,2,3,5,At Risk
CUST040,MALE,46-55,193,1,50,50.0,3,3,4,Loyal Customers
CUST321,FEMALE,26-35,205,1,50,50.0,3,5,4,Champions
CUST063,MALE,56+,330,1,50,50.0,5,3,4,Loyal Customers
CUST780,MALE,46-55,313,1,50,50.0,5,5,5,Champions
CUST343,MALE,18-25,61,1,50,50.0,1,4,5,Champions
CUST234,FEMALE,56+,42,1,50,50.0,1,3,5,At Risk
CUST586,MALE,46-55,21,1,50,50.0,1,5,5,Champions
CUST685,MALE,56+,213,1,50,50.0,3,4,5,Champions
CUST525,FEMALE,46-55,14,1,50,50.0,1,3,5,At Risk
CUST866,MALE,18-25,241,1,50,50.0,4,3,5,Loyal Customers
CUST141,FEMALE,18-25,60,1,50,50.0,1,2,4,Lost Customers
CUST705,MALE,56+,300,1,50,50.0,5,3,5,Loyal Customers
CUST250,MALE,46-55,70,1,50,50.0,1,1,5,Lost Customers
CUST606,MALE,18-25,241,1,50,50.0,4,1,4,New Customers
CUST367,FEMALE,56+,361,1,50,50.0,5,3,5,Loyal Customers
CUST849,MALE,26-35,242,1,50,50.0,4,3,5,Loyal Customers
CUST007,MALE,46-55,294,1,50,50.0,5,3,5,Loyal Customers
CUST286,MALE,56+,84,1,50,50.0,2,2,5,Lost Customers
CUST434,FEMALE,36-45,327,1,50,50.0,5,4,5,Champions
CUST025,FEMALE,56+,6,1,50,50.0,1,3,5,At Risk
CUST545,MALE,26-35,214,1,50,50.0,3,4,5,Champions
CUST081,MALE,36-45,229,1,50,50.0,4,2,5,New Customers
CUST562,MALE,46-55,258,1,50,50.0,4,4,5,Champions
CUST958,MALE,56+,213,1,50,50.0,3,5,5,Champions
CUST919,FEMALE,18-25,114,1,50,50.0,2,5,5,Champions
CUST792,FEMALE,18-25,176,1,50,50.0,3,3,5,Loyal Customers
CUST349,FEMALE,56+,67,1,50,50.0,1,1,5,Lost Customers
CUST941,FEMALE,56+,288,1,50,50.0,5,1,4,New Customers
CUST560,FEMALE,26-35,210,1,50,50.0,3,4,5,Champions
CUST339,FEMALE,18-25,304,1,50,50.0,5,2,5,New Customers
CUST019,FEMALE,56+,107,1,50,50.0,2,1,5,Lost Customers
CUST916,FEMALE,26-35,8,1,50,50.0,1,4,5,Champions
CUST226,FEMALE,56+,64,1,50,50.0,1,1,5,Lost Customers
CUST737,FEMALE,26-35,186,1,50,50.0,3,4,5,Champions
CUST763,MALE,26-35,307,1,50,50.0,5,4,5,Champions
CUST389,MALE,18-25,31,1,50,50.0,1,1,5,Lost Customers
CUST889,FEMALE,36-45,91,1,50,50.0,2,2,4,Lost Customers
CUST170,FEMALE,26-35,213,1,50,50.0,3,5,5,Champions
CUST762,FEMALE,18-25,55,1,50,50.0,1,4,5,Champions
CUST391,MALE,18-25,361,1,50,50.0,5,5,5,Champions
CUST571,FEMALE,36-45,20,1,50,50.0,1,2,5,Lost Customers
CUST665,MALE,56+,256,1,50,50.0,4,1,5,New Customers
CUST134,MALE,46-55,341,1,50,50.0,5,1,5,New Customers
CUST574,FEMALE,56+,123,1,50,50.0,2,2,4,Lost Customers
CUST306,MALE,46-55,133,1,50,50.0,2,1,5,Lost Customers
CUST896,FEMALE,26-35,64,1,50,50.0,1,5,5,Champions
CUST505,MALE,18-25,346,1,50,50.0,5,1,5,New Customers
CUST041,MALE,26-35,313,1,50,50.0,5,5,5,Champions
CUST857,MALE,56+,1,1,50,50.0,1,3,4,At Risk
CUST316,FEMALE,46-55,254,1,50,50.0,4,5,5,Champions
CUST892,MALE,18-25,267,1,50,50.0,4,1,5,New Customers
CUST246,FEMALE,46-55,256,1,50,50.0,4,1,4,New Customers
CUST629,MALE,56+,203,1,50,50.0,3,1,5,Potential Loyalists
CUST429,MALE,56+,4,1,50,50.0,1,2,5,Lost Customers
CUST851,MALE,26-35,115,1,50,50.0,2,3,5,At Risk
CUST135,MALE,18-25,309,1,50,50.0,5,4,4,Champions
CUST450,FEMALE,56+,258,1,50,50.0,4,4,5,Champions
CUST224,FEMALE,26-35,192,1,50,50.0,3,3,5,Loyal Customers
CUST113,FEMALE,36-45,110,1,50,50.0,2,4,5,Champions
CUST771,MALE,18-25,19,1,50,50.0,1,5,5,Champions
CUST325,FEMALE,46-55,121,1,50,50.0,2,5,5,Champions
CUST261,MALE,18-25,149,1,50,50.0,3,4,5,Champions
CUST249,MALE,18-25,73,1,50,50.0,2,1,5,Lost Customers
CUST902,FEMALE,46-55,214,1,50,50.0,3,4,4,Champions
CUST127,FEMALE,26-35,161,1,50,50.0,3,4,5,Champions
CUST375,MALE,26-35,106,1,50,50.0,2,5,5,Champions
CUST973,MALE,56+,285,1,50,50.0,4,3,5,Loyal Customers
CUST840,MALE,56+,222,1,50,50.0,3,1,5,Potential Loyalists
CUST027,FEMALE,36-45,151,1,50,50.0,3,3,5,Loyal Customers
CUST774,FEMALE,36-45,264,1,50,50.0,4,2,5,New Customers
CUST712,FEMALE,56+,26,1,50,50.0,1,4,5,Champions
CUST542,FEMALE,18-25,198,1,50,50.0,3,4,5,Champions
CUST836,FEMALE,18-25,257,1,50,50.0,4,5,5,Champions
CUST460,MALE,36-45,244,1,50,50.0,4,4,5,Champions
CUST730,FEMALE,36-45,150,1,50,50.0,3,1,4,Potential Loyalists
CUST556,FEMALE,18-25,211,1,50,50.0,3,4,5,Champions
CUST473,MALE,56+,310,1,50,50.0,5,1,4,New Customers
CUST446,MALE,18-25,208,1,50,50.0,3,2,5,Potential Loyalists
CUST863,FEMALE,26-35,252,1,50,50.0,4,1,5,New Customers
CUST963,FEMALE,56+,48,1,50,50.0,1,1,5,Lost Customers
CUST189,MALE,56+,336,1,50,50.0,5,1,5,New Customers
CUST985,FEMALE,18-25,216,1,50,50.0,3,2,5,Potential Loyalists
CUST811,MALE,56+,227,1,50,50.0,4,4,5,Champions
CUST650,MALE,56+,0,1,30,30.0,1,2,5,Lost Customers
CUST995,FEMALE,36-45,246,1,30,30.0,4,2,5,New Customers
CUST753,FEMALE,26-35,307,1,30,30.0,5,4,5,Champions
CUST802,FEMALE,46-55,180,1,30,30.0,3,5,5,Champions
CUST974,MALE,46-55,243,1,30,30.0,4,1,5,New Customers
CUST926,MALE,18-25,140,1,30,30.0,2,5,5,Champions
CUST255,MALE,46-55,268,1,30,30.0,4,5,5,Champions
CUST396,FEMALE,56+,312,1,30,30.0,5,5,5,Champions
CUST268,FEMALE,26-35,315,1,30,30.0,5,2,5,New Customers
CUST100,MALE,36-45,199,1,30,30.0,3,2,5,Potential Loyalists
CUST003,MALE,46-55,353,1,30,30.0,5,3,5,Loyal Customers
CUST670,MALE,26-35,88,1,30,30.0,2,1,5,Lost Customers
CUST451,FEMALE,46-55,16,1,30,30.0,1,1,5,Lost Customers
CUST940,FEMALE,18-25,338,1,30,30.0,5,2,5,New Customers
CUST659,FEMALE,36-45,288,1,30,30.0,4,5,5,Champions
CUST116,FEMALE,18-25,131,1,30,30.0,2,2,5,Lost Customers
CUST894,MALE,46-55,118,1,30,30.0,2,3,5,At Risk
CUST617,MALE,26-35,128,1,30,30.0,2,5,5,Champions
CUST006,FEMALE,46-55,251,1,30,30.0,4,5,5,Champions
CUST090,FEMALE,46-55,240,1,30,30.0,4,2,5,New Customers
CUST305,FEMALE,18-25,230,1,30,30.0,4,2,5,New Customers
CUST804,MALE,36-45,130,1,30,30.0,2,2,5,Lost Customers
CUST344,FEMALE,36-45,345,1,30,30.0,5,5,5,Champions
CUST029,FEMALE,36-45,136,1,30,30.0,2,1,5,Lost Customers
CUST601,MALE,18-25,266,1,30,30.0,4,2,5,New Customers
CUST045,FEMALE,56+,182,1,30,30.0,3,5,5,Champions
CUST793,MALE,46-55,330,1,30,30.0,5,5,5,Champions
CUST901,MALE,26-35,266,1,30,30.0,4,5,5,Champions
CUST066,FEMALE,46-55,249,1,30,30.0,4,4,5,Champions
CUST518,FEMALE,36-45,235,1,30,30.0,4,1,5,New Customers
CUST749,MALE,36-45,243,1,30,30.0,4,1,5,New Customers
CUST874,MALE,56+,189,1,30,30.0,3,1,5,Potential Loyalists
CUST734,FEMALE,26-35,356,1,30,30.0,5,1,5,New Customers
CUST387,MALE,36-45,211,1,30,30.0,3,1,5,Potential Loyalists
CUST376,FEMALE,56+,230,1,30,30.0,4,3,5,Loyal Customers
CUST345,MALE,56+,48,1,30,30.0,1,4,5,Champions
CUST489,MALE,36-45,223,1,30,30.0,3,2,5,Potential Loyalists
CUST057,FEMALE,56+,44,1,30,30.0,1,5,5,Champions
CUST438,FEMALE,36-45,347,1,30,30.0,5,4,5,Champions
CUST566,FEMALE,56+,30,1,30,30.0,1,3,5,At Risk
CUST747,MALE,18-25,47,1,30,30.0,1,2,5,Lost Customers
CUST140,MALE,36-45,149,1,30,30.0,3,3,5,Loyal Customers
CUST772,MALE,26-35,173,1,30,30.0,3,4,5,Champions
CUST195,MALE,46-55,330,1,30,30.0,5,4,5,Champions
CUST483,MALE,56+,251,1,30,30.0,4,4,5,Champions
CUST733,MALE,26-35,125,1,30,30.0,2,4,5,Champions
CUST579,FEMALE,36-45,102,1,30,30.0,2,5,5,Champions
CUST485,MALE,18-25,28,1,30,30.0,1,3,5,At Risk
CUST933,MALE,18-25,332,1,30,30.0,5,2,5,New Customers
CUST879,MALE,18-25,6,1,30,30.0,1,5,5,Champions
CUST878,FEMALE,18-25,185,1,30,30.0,3,4,5,Champions
CUST423,FEMALE,26-35,299,1,25,25.0,5,3,5,Loyal Customers
CUST585,FEMALE,18-25,245,1,25,25.0,4,5,5,Champions
CUST236,FEMALE,46-55,248,1,25,25.0,4,4,5,Champions
CUST764,FEMALE,36-45,282,1,25,25.0,4,3,5,Loyal Customers
CUST204,MALE,36-45,95,1,25,25.0,2,3,5,At Risk
CUST363,MALE,56+,212,1,25,25.0,3,2,5,Potential Loyalists
CUST397,FEMALE,26-35,297,1,25,25.0,5,4,5,Champions
CUST206,MALE,56+,149,1,25,25.0,3,4,5,Champions
CUST388,MALE,46-55,52,1,25,25.0,1,3,5,At Risk
CUST347,MALE,36-45,151,1,25,25.0,3,1,5,Potential Loyalists
CUST512,FEMALE,56+,55,1,25,25.0,1,3,5,At Risk
CUST285,FEMALE,26-35,139,1,25,25.0,2,2,5,Lost Customers
CUST967,MALE,56+,259,1,25,25.0,4,5,5,Champions
CUST242,MALE,18-25,244,1,25,25.0,4,3,5,Loyal Customers
CUST191,MALE,56+,75,1,25,25.0,2,2,5,Lost Customers
CUST952,FEMALE,56+,49,1,25,25.0,1,5,5,Champions
CUST232,FEMALE,36-45,329,1,25,25.0,5,4,5,Champions
CUST791,FEMALE,46-55,27,1,25,25.0,1,3,5,At Risk
CUST201,MALE,56+,84,1,25,25.0,2,1,5,Lost Customers
CUST103,FEMALE,56+,349,1,25,25.0,5,5,5,Champions
CUST044,FEMALE,18-25,316,1,25,25.0,5,3,5,Loyal Customers
CUST790,MALE,56+,146,1,25,25.0,2,5,5,Champions
CUST658,MALE,56+,295,1,25,25.0,5,1,5,New Customers
CUST362,MALE,46-55,35,1,25,25.0,1,3,5,At Risk
CUST454,FEMALE,46-55,313,1,25,25.0,5,2,5,New Customers
CUST318,MALE,56+,69,1,25,25.0,1,3,5,At Risk
CUST855,MALE,46-55,122,1,25,25.0,2,3,5,At Risk
CUST945,MALE,26-35,322,1,25,25.0,5,2,5,New Customers
CUST310,FEMALE,26-35,81,1,25,25.0,2,4,5,Champions
CUST979,FEMALE,18-25,364,1,25,25.0,5,1,5,New Customers
CUST744,MALE,36-45,239,1,25,25.0,4,2,5,New Customers
CUST739,MALE,36-45,33,1,25,25.0,1,3,5,At Risk
CUST230,MALE,46-55,253,1,25,25.0,4,4,5,Champions
CUST427,MALE,26-35,139,1,25,25.0,2,4,5,Champions
CUST486,FEMALE,36-45,267,1,25,25.0,4,3,5,Loyal Customers
CUST955,MALE,56+,171,1,25,25.0,3,3,5,Loyal Customers
CUST309,FEMALE,26-35,9,1,25,25.0,1,2,5,Lost Customers
CUST657,MALE,36-45,324,1,25,25.0,5,4,5,Champions
CUST468,MALE,36-45,23,1,25,25.0,1,3,5,At Risk
CUST825,FEMALE,46-55,128,1,25,25.0,2,1,5,Lost Customers
CUST379,FEMALE,46-55,330,1,25,25.0,5,5,5,Champions
CUST371,FEMALE,18-25,314,1,25,25.0,5,3,5,Loyal Customers
CUST558,FEMALE,36-45,85,1,25,25.0,2,1,5,Lost Customers
CUST877,FEMALE,56+,196,1,25,25.0,3,3,5,Loyal Customers
CUST989,FEMALE,36-45,4,1,25,25.0,1,5,5,Champions
CUST907,FEMALE,46-55,358,1,25,25.0,5,2,5,New Customers
CUST205,FEMALE,36-45,55,1,25,25.0,1,3,5,At Risk
CUST223,FEMALE,56+,333,1,25,25.0,5,4,5,Champions
CUST185,MALE,18-25,308,1,25,25.0,5,5,5,Champions
CUST544,FEMALE,26-35,9,1,25,25.0,1,5,5,Champions
CUST787,MALE,36-45,344,1,25,25.0,5,5,5,Champions